-- caso 1

CREATE TABLE PAIS (
id_pais     NUMBER(3),
nom_pais    VARCHAR2(30)NOT NULL,
CONSTRAINT pais_pk PRIMARY KEY (id_pais)
);

CREATE TABLE CIUDAD (
id_ciudad   NUMBER(3),
nom_ciudad  VARCHAR2(30)NOT NULL,
cod_pais    NUMBER(3)NOT NULL,
CONSTRAINT ciudad_pk PRIMARY KEY (id_ciudad),
CONSTRAINT ciudad_fk_pais FOREIGN KEY (cod_pais) REFERENCES PAIS(id_pais)
);

CREATE TABLE SUCURSAL (
id_sucursal  NUMBER GENERATED BY DEFAULT AS IDENTITY (START WITH 9 INCREMENT BY 3),
nom_sucursal VARCHAR2(20)NOT NULL,
calle        VARCHAR2(20),
num_calle    NUMBER(4),
cod_ciudad   NUMBER(3)NOT NULL,
CONSTRAINT sucursal_pk PRIMARY KEY (id_sucursal),
CONSTRAINT sucursal_fk_ciudad FOREIGN KEY (cod_ciudad) REFERENCES CIUDAD(id_ciudad)
);

CREATE TABLE MECANICO (
cod_mecanico    NUMBER GENERATED BY DEFAULT AS IDENTITY (START WITH 460 INCREMENT BY 7),
pnombre         VARCHAR2(20)NOT NULL,
snombre         VARCHAR2(20),
apaterno        VARCHAR2(20)NOT NULL,
amaterno        VARCHAR2(20),
bono_jefatura   NUMBER(10),
sueldo          NUMBER(10)NOT NULL,
monto_impuestos NUMBER(10),
cod_supervisor  NUMBER(5),
CONSTRAINT mecanico_pk PRIMARY KEY (cod_mecanico),
CONSTRAINT mecanico_fk_supervisor FOREIGN KEY (cod_supervisor) REFERENCES MECANICO(cod_mecanico)
);

CREATE TABLE CLIENTE (
rut      NUMBER(8)NOT NULL,
dv       CHAR(1)NOT NULL,
pnombre  VARCHAR2(20)NOT NULL,
snombre  VARCHAR2(20),
apaterno VARCHAR2(20)NOT NULL,
amaterno VARCHAR2(20),
telefono VARCHAR2(12),
email    VARCHAR2(40),
tipo_cli CHAR(1)NOT NULL,
CONSTRAINT cliente_pk PRIMARY KEY (rut)
);

CREATE TABLE ESTANDAR (
cl_rut          NUMBER(8)NOT NULL,
puntaje_fidelidad NUMBER(10),
CONSTRAINT normal_pk PRIMARY KEY (cl_rut),
CONSTRAINT normal_fk_cliente FOREIGN KEY (cl_rut) REFERENCES CLIENTE(rut)
);

CREATE TABLE PREMIUM (
cl_rut        NUMBER(8)NOT NULL,
pesos_clientes NUMBER(10),
monto_credito  NUMBER(10),
CONSTRAINT premium_pk PRIMARY KEY (cl_rut),
CONSTRAINT premium_fk_cliente FOREIGN KEY (cl_rut) REFERENCES CLIENTE(rut)
);

CREATE TABLE TIPO_AUTOMOVIL (
id_tipo     CHAR(3)NOT NULL,
descripcion VARCHAR2(20)NOT NULL,
CONSTRAINT tipo_automovil_pk PRIMARY KEY (id_tipo)
);

CREATE TABLE MARCA (
id_marca    NUMBER(2),
descripcion VARCHAR2(20)NOT NULL,
CONSTRAINT marca_pk PRIMARY KEY (id_marca)
);

CREATE TABLE MODELO (
id_modelo   NUMBER(5),
marca_id    NUMBER(2)NOT NULL,
descripcion VARCHAR2(20) NOT NULL,
CONSTRAINT modelo_pk PRIMARY KEY (id_modelo, marca_id),
CONSTRAINT modelo_fk_marca FOREIGN KEY (marca_id) REFERENCES MARCA(id_marca)
);

CREATE TABLE AUTOMOVIL (
patente      CHAR(8)NOT NULL,
annio        NUMBER(4),
cant_puertas NUMBER(1),
km           NUMBER(6),
color        VARCHAR2(30),
cod_tipo_auto CHAR(3)NOT NULL,
cod_modelo   NUMBER(5)NOT NULL,
cod_marca    NUMBER(2)NOT NULL,
cl_rut       NUMBER(8)NOT NULL,
CONSTRAINT automovil_pk PRIMARY KEY (patente),
CONSTRAINT automovil_fk_cliente FOREIGN KEY (cl_rut) REFERENCES CLIENTE(rut),
CONSTRAINT automovil_fk_modelo FOREIGN KEY (cod_modelo, cod_marca) REFERENCES MODELO(id_modelo, marca_id),
CONSTRAINT automovil_fk_tipo FOREIGN KEY (cod_tipo_auto) REFERENCES TIPO_AUTOMOVIL(id_tipo)
);

CREATE TABLE SERVICIO (
id_servicio NUMBER(3),
descripcion VARCHAR2(100) NOT NULL,
costo       NUMBER(7)     NOT NULL,
CONSTRAINT servicio_pk PRIMARY KEY (id_servicio)
);

CREATE TABLE MANTENCION (
num_mantencion NUMBER(4),
cod_sucursal   CHAR(3)NOT NULL,
fecha_ingreso  DATE,
fecha_salida   DATE,
patente_auto   CHAR(8)NOT NULL,
cod_mecanico   NUMBER(5)NOT NULL,
costo_total    NUMBER(7),
estado         VARCHAR2(15)NOT NULL,
CONSTRAINT mantencion_pk PRIMARY KEY (num_mantencion),
CONSTRAINT mant_fk_automovil FOREIGN KEY (patente_auto) REFERENCES AUTOMOVIL(patente),
CONSTRAINT mant_fk_mecanico FOREIGN KEY (cod_mecanico) REFERENCES MECANICO(cod_mecanico),
CONSTRAINT mant_fk_sucursal FOREIGN KEY (cod_sucursal) REFERENCES SUCURSAL(id_sucursal)
);

CREATE TABLE DETALLE_SERVICIO (
mantencion_num  NUMBER(4)   NOT NULL,
cod_servicio    NUMBER(3)   NOT NULL,
descuento_serv  NUMBER(4,3),
cantidad        NUMBER(3),
CONSTRAINT detalle_servicio_pk PRIMARY KEY (mantencion_num, cod_servicio),
CONSTRAINT det_serv_fk_mantencion FOREIGN KEY (mantencion_num) REFERENCES MANTENCION(num_mantencion),
CONSTRAINT det_serv_fk_servicio FOREIGN KEY (cod_servicio) REFERENCES SERVICIO(id_servicio)
);

-- caso 2

-- en caso de que el cliente registre un email se asegura de que se registre solo 1
ALTER TABLE CLIENTE
ADD CONSTRAINT cliente_un_email UNIQUE (email);

-- revisa que el digito verificador del rut del cliente sea valido
ALTER TABLE CLIENTE
ADD CONSTRAINT cliente_ck_dv CHECK (dv IN ('0','1','2','3','4','5','6','7','8','9','K'));

-- revisa que el sueldo del mecanico sea minimo 510.000
ALTER TABLE MECANICO
ADD CONSTRAINT mecanico_ck_sueldo CHECK (sueldo >= 510000);

-- revisa el estado de la mantencion
ALTER TABLE MANTENCION
ADD CONSTRAINT mantencion_ck_estado CHECK (estado IN ('Reserva','Ingresado','Entregado','Anulado'));

-- caso 3

CREATE SEQUENCE seq_servicio
START WITH 400
INCREMENT BY 2
NOCACHE;

CREATE SEQUENCE seq_ciudad
START WITH 165
INCREMENT BY 5
NOCACHE;

INSERT INTO PAIS (id_pais, nom_pais) VALUES (9, 'Chile');
INSERT INTO PAIS (id_pais, nom_pais) VALUES (12, 'Argentina');

INSERT INTO CIUDAD (id_ciudad, nom_ciudad, cod_pais) VALUES (seq_ciudad.NEXTVAL, 'Arica', 9);
INSERT INTO CIUDAD (id_ciudad, nom_ciudad, cod_pais) VALUES (seq_ciudad.NEXTVAL, 'Iquique', 9);
INSERT INTO CIUDAD (id_ciudad, nom_ciudad, cod_pais) VALUES (seq_ciudad.NEXTVAL, 'Antofagasta', 9);
INSERT INTO CIUDAD (id_ciudad, nom_ciudad, cod_pais) VALUES (seq_ciudad.NEXTVAL, 'Calama', 9);

INSERT INTO SUCURSAL (nom_sucursal, calle, num_calle, cod_ciudad)
VALUES ('Mikes Arica', 'Av. Diego Portales', 1200, 165);
INSERT INTO SUCURSAL (nom_sucursal, calle, num_calle, cod_ciudad)
VALUES ('Mikes Iquique', 'Calle Tarapaca', 450, 170);
INSERT INTO SUCURSAL (nom_sucursal, calle, num_calle, cod_ciudad)
VALUES ('Mikes Antofagasta', 'Av. OHiggins', 3300, 175);

INSERT INTO MECANICO (pnombre, snombre, apaterno, amaterno, bono_jefatura, sueldo, monto_impuestos, cod_supervisor)
VALUES ('Carlos', 'Andres', 'Rojas', 'Munoz', 150000, 1200000, 85000, NULL);
INSERT INTO MECANICO (pnombre, snombre, apaterno, amaterno, bono_jefatura, sueldo, monto_impuestos, cod_supervisor)
VALUES ('Pedro', NULL, 'Manriquez', 'Soto', NULL, 759000, 23980, 460);
INSERT INTO MECANICO (pnombre, snombre, apaterno, amaterno, bono_jefatura, sueldo, monto_impuestos, cod_supervisor)
VALUES ('Luis', 'Alberto', 'Gomez', 'Perez', NULL, 680000, 31500, 460);
INSERT INTO MECANICO (pnombre, snombre, apaterno, amaterno, bono_jefatura, sueldo, monto_impuestos, cod_supervisor)
VALUES ('Juan', 'Pablo', 'Fernandez', 'Diaz', NULL, 820000, 38000, 460);
INSERT INTO MECANICO (pnombre, snombre, apaterno, amaterno, bono_jefatura, sueldo, monto_impuestos, cod_supervisor)
VALUES ('Ana', NULL, 'Torres', 'Vargas', NULL, 615000, 21000, 460);
INSERT INTO MECANICO (pnombre, snombre, apaterno, amaterno, bono_jefatura, sueldo, monto_impuestos, cod_supervisor)
VALUES ('Maria', 'Jose', 'Contreras', 'Lopez', NULL, 590000, 19500, 460);
INSERT INTO MECANICO (pnombre, snombre, apaterno, amaterno, bono_jefatura, sueldo, monto_impuestos, cod_supervisor)
VALUES ('Roberto', NULL, 'Salinas', 'Ramos', NULL, 870000, 39000, 460);
INSERT INTO MECANICO (pnombre, snombre, apaterno, amaterno, bono_jefatura, sueldo, monto_impuestos, cod_supervisor)
VALUES ('Francisco', 'Andres', 'Fuentes', 'Mora', NULL, 700000, 28000, 460);

INSERT INTO CLIENTE (rut, dv, pnombre, snombre, apaterno, amaterno, telefono, email, tipo_cli)
VALUES (12345678, '9', 'Jorge', 'Luis', 'Perez', 'Araya', '912345678', 'jperez@mail.com', 'P');
INSERT INTO CLIENTE (rut, dv, pnombre, snombre, apaterno, amaterno, telefono, email, tipo_cli)
VALUES (98765432, '1', 'Sofia', NULL, 'Morales', 'Vega', '987654321', NULL, 'E');
INSERT INTO CLIENTE (rut, dv, pnombre, snombre, apaterno, amaterno, telefono, email, tipo_cli)
VALUES (11223344, 'K', 'Diego', 'Ignacio', 'Castro', 'Neira', '911223344', 'dcastro@mail.com', 'E');

INSERT INTO ESTANDAR (cl_rut, puntaje_fidelidad) VALUES (98765432, 150);
INSERT INTO ESTANDAR (cl_rut, puntaje_fidelidad) VALUES (11223344, 320);
INSERT INTO PREMIUM (cl_rut, pesos_clientes, monto_credito) VALUES (12345678, 500000, 1000000);

INSERT INTO TIPO_AUTOMOVIL (id_tipo, descripcion) VALUES ('SUV', 'SUV');
INSERT INTO TIPO_AUTOMOVIL (id_tipo, descripcion) VALUES ('SED', 'Sedan');
INSERT INTO TIPO_AUTOMOVIL (id_tipo, descripcion) VALUES ('HAT', 'Hatchback');

INSERT INTO MARCA (id_marca, descripcion) VALUES (1, 'Toyota');
INSERT INTO MARCA (id_marca, descripcion) VALUES (2, 'Chevrolet');
INSERT INTO MARCA (id_marca, descripcion) VALUES (3, 'Hyundai');

INSERT INTO MODELO (id_modelo, marca_id, descripcion) VALUES (1, 1, 'Corolla');
INSERT INTO MODELO (id_modelo, marca_id, descripcion) VALUES (2, 2, 'Spark');
INSERT INTO MODELO (id_modelo, marca_id, descripcion) VALUES (3, 3, 'Accent');

INSERT INTO AUTOMOVIL (patente, annio, cant_puertas, km, color, cod_tipo_auto, cod_modelo, cod_marca, cl_rut)
VALUES ('BCDF12', 2020, 4, 45000, 'Blanco', 'SED', 1, 1, 12345678);
INSERT INTO AUTOMOVIL (patente, annio, cant_puertas, km, color, cod_tipo_auto, cod_modelo, cod_marca, cl_rut)
VALUES ('GHIJ34', 2018, 4, 80000, 'Rojo', 'HAT', 2, 2, 98765432);
INSERT INTO AUTOMOVIL (patente, annio, cant_puertas, km, color, cod_tipo_auto, cod_modelo, cod_marca, cl_rut)
VALUES ('KLMN56', 2021, 4, 20000, 'Gris', 'SED', 3, 3, 11223344);

INSERT INTO SERVICIO (id_servicio, descripcion, costo)
VALUES (seq_servicio.NEXTVAL, 'Cambio de aceite', 35000);
INSERT INTO SERVICIO (id_servicio, descripcion, costo)
VALUES (seq_servicio.NEXTVAL, 'Reparacion de frenos', 85000);
INSERT INTO SERVICIO (id_servicio, descripcion, costo)
VALUES (seq_servicio.NEXTVAL, 'Diagnostico motor', 25000);
INSERT INTO SERVICIO (id_servicio, descripcion, costo)
VALUES (seq_servicio.NEXTVAL, 'Mantenimiento preventivo', 60000);

INSERT INTO MANTENCION (num_mantencion, cod_sucursal, fecha_ingreso, fecha_salida, patente_auto, cod_mecanico, costo_total, estado)
VALUES (1, 9, TO_DATE('10/02/2025','DD/MM/YYYY'), TO_DATE('11/02/2025','DD/MM/YYYY'), 'BCDF12', 460, 120000, 'Entregado');
INSERT INTO MANTENCION (num_mantencion, cod_sucursal, fecha_ingreso, fecha_salida, patente_auto, cod_mecanico, costo_total, estado)
VALUES (2, 16, TO_DATE('12/02/2025','DD/MM/YYYY'), NULL, 'GHIJ34', 467, NULL, 'Ingresado');
INSERT INTO MANTENCION (num_mantencion, cod_sucursal, fecha_ingreso, fecha_salida, patente_auto, cod_mecanico, costo_total, estado)
VALUES (3, 9, TO_DATE('13/02/2025','DD/MM/YYYY'), NULL, 'KLMN56', 474, NULL, 'Reserva');

INSERT INTO DETALLE_SERVICIO (mantencion_num, cod_servicio, descuento_serv, cantidad)
VALUES (1, 400, 0, 1);
INSERT INTO DETALLE_SERVICIO (mantencion_num, cod_servicio, descuento_serv, cantidad)
VALUES (1, 402, 0, 1);
INSERT INTO DETALLE_SERVICIO (mantencion_num, cod_servicio, descuento_serv, cantidad)
VALUES (2, 404, 0, 1);
INSERT INTO DETALLE_SERVICIO (mantencion_num, cod_servicio, descuento_serv, cantidad)
VALUES (3, 406, 0, 1);

-- informe 1:

SELECT
    cod_mecanico                                    AS "ID MECANICO",
    pnombre || ' ' || apaterno                      AS "NOMBRE MECANICO",
    sueldo                                          AS "SALARIO",
    monto_impuestos                                 AS "IMPUESTO ACTUAL",
    ROUND(monto_impuestos * 0.80, 2)               AS "IMPUESTO REBAJADO",
    ROUND(sueldo - (monto_impuestos * 0.80), 2)    AS "SUELDO CON REBAJA IMPUESTOS"
FROM MECANICO
WHERE bono_jefatura IS NULL
  AND monto_impuestos < 40000
ORDER BY monto_impuestos DESC, apaterno ASC;


-- informe 2:

SELECT
    cod_mecanico                                    AS "IDENTIFICADOR",
    pnombre || ' ' || snombre || ' ' || apaterno    AS "MECANICO",
    sueldo                                          AS "SALARIO ACTUAL",
    ROUND(sueldo * 0.05, 2)                        AS "AJUSTE",
    ROUND(sueldo * 1.05, 2)                        AS "SUELDO_REAJUSTADO"
FROM MECANICO
WHERE (sueldo BETWEEN 600000 AND 900000)
   OR cod_supervisor IS NULL
ORDER BY sueldo ASC, (pnombre || ' ' || snombre || ' ' || apaterno) DESC;
